admin,admin,https://www.google.com/#spf=1614028920671,https://www.abv.bg/,https://edition.cnn.com/
123,123,https://www.google.com/#spf=1614028920671,https://edition.cnn.com/,https://www.google.com/#spf=1614109536340,https://www.abv.bg/
angel,angel,https://www.google.com/#spf=1614028920671,https://www.abv.bg/,https://edition.cnn.com/
111,111,https://www.google.com/#spf=1614028920671
aa,aa,https://www.google.com/#spf=1614028920671,https://www.abv.bg/
denis,denis,https://www.abv.bg/
ed,ed,https://www.google.com/#spf=1614107184610
dasd,dasdasdsad,https://www.google.com/#spf=1614107184610
asd,asd,https://www.google.com/#spf=1614163300930
tedi,tedi,https://www.abv.bg/
gosho,gosho
